{"version":"1.0","provider_name":"Life Churches - WordPress Theme for Churches and Events","provider_url":"http:\/\/demo.kevthemes.com\/lifechurches","author_name":"Life Churches","author_url":"http:\/\/demo.kevthemes.com\/lifechurches\/author\/admin\/","title":"Shirt Dress with Tie Front","type":"rich","width":600,"height":338,"html":"<blockquote class=\"wp-embedded-content\"><a href=\"http:\/\/demo.kevthemes.com\/lifechurches\/product\/shirt-dress-with-tie-front\/\">Shirt Dress with Tie Front<\/a><\/blockquote>\n<script type='text\/javascript'>\n<!--\/\/--><![CDATA[\/\/><!--\n\/**\n * WordPress inline HTML embed\n *\n * @since 4.4.0\n *\n * This file cannot have ampersands in it. This is to ensure\n * it can be embedded in older versions of WordPress.\n * See https:\/\/core.trac.wordpress.org\/changeset\/35708.\n *\/\n(function ( window, document ) {\n\t'use strict';\n\n\tvar supportedBrowser = false,\n\t\tloaded = false;\n\n\t\tif ( document.querySelector ) {\n\t\t\tif ( window.addEventListener ) {\n\t\t\t\tsupportedBrowser = true;\n\t\t\t}\n\t\t}\n\n\twindow.wp = window.wp || {};\n\n\tif ( !! window.wp.receiveEmbedMessage ) {\n\t\treturn;\n\t}\n\n\twindow.wp.receiveEmbedMessage = function( e ) {\n\t\tvar data = e.data;\n\t\tif ( ! ( data.secret || data.message || data.value ) ) {\n\t\t\treturn;\n\t\t}\n\n\t\tif ( \/[^a-zA-Z0-9]\/.test( data.secret ) ) {\n\t\t\treturn;\n\t\t}\n\n\t\tvar iframes = document.querySelectorAll( 'iframe[data-secret=\"' + data.secret + '\"]' ),\n\t\t\tblockquotes = document.querySelectorAll( 'blockquote[data-secret=\"' + data.secret + '\"]' ),\n\t\t\ti, source, height, sourceURL, targetURL;\n\n\t\tfor ( i = 0; i < blockquotes.length; i++ ) {\n\t\t\tblockquotes[ i ].style.display = 'none';\n\t\t}\n\n\t\tfor ( i = 0; i < iframes.length; i++ ) {\n\t\t\tsource = iframes[ i ];\n\n\t\t\tif ( e.source !== source.contentWindow ) {\n\t\t\t\tcontinue;\n\t\t\t}\n\n\t\t\tsource.removeAttribute( 'style' );\n\n\t\t\t\/* Resize the iframe on request. *\/\n\t\t\tif ( 'height' === data.message ) {\n\t\t\t\theight = parseInt( data.value, 10 );\n\t\t\t\tif ( height > 1000 ) {\n\t\t\t\t\theight = 1000;\n\t\t\t\t} else if ( ~~height < 200 ) {\n\t\t\t\t\theight = 200;\n\t\t\t\t}\n\n\t\t\t\tsource.height = height;\n\t\t\t}\n\n\t\t\t\/* Link to a specific URL on request. *\/\n\t\t\tif ( 'link' === data.message ) {\n\t\t\t\tsourceURL = document.createElement( 'a' );\n\t\t\t\ttargetURL = document.createElement( 'a' );\n\n\t\t\t\tsourceURL.href = source.getAttribute( 'src' );\n\t\t\t\ttargetURL.href = data.value;\n\n\t\t\t\t\/* Only continue if link hostname matches iframe's hostname. *\/\n\t\t\t\tif ( targetURL.host === sourceURL.host ) {\n\t\t\t\t\tif ( document.activeElement === source ) {\n\t\t\t\t\t\twindow.top.location.href = data.value;\n\t\t\t\t\t}\n\t\t\t\t}\n\t\t\t}\n\t\t}\n\t};\n\n\tfunction onLoad() {\n\t\tif ( loaded ) {\n\t\t\treturn;\n\t\t}\n\n\t\tloaded = true;\n\n\t\tvar isIE10 = -1 !== navigator.appVersion.indexOf( 'MSIE 10' ),\n\t\t\tisIE11 = !!navigator.userAgent.match( \/Trident.*rv:11\\.\/ ),\n\t\t\tiframes = document.querySelectorAll( 'iframe.wp-embedded-content' ),\n\t\t\tiframeClone, i, source, secret;\n\n\t\tfor ( i = 0; i < iframes.length; i++ ) {\n\t\t\tsource = iframes[ i ];\n\n\t\t\tif ( ! source.getAttribute( 'data-secret' ) ) {\n\t\t\t\t\/* Add secret to iframe *\/\n\t\t\t\tsecret = Math.random().toString( 36 ).substr( 2, 10 );\n\t\t\t\tsource.src += '#?secret=' + secret;\n\t\t\t\tsource.setAttribute( 'data-secret', secret );\n\t\t\t}\n\n\t\t\t\/* Remove security attribute from iframes in IE10 and IE11. *\/\n\t\t\tif ( ( isIE10 || isIE11 ) ) {\n\t\t\t\tiframeClone = source.cloneNode( true );\n\t\t\t\tiframeClone.removeAttribute( 'security' );\n\t\t\t\tsource.parentNode.replaceChild( iframeClone, source );\n\t\t\t}\n\t\t}\n\t}\n\n\tif ( supportedBrowser ) {\n\t\twindow.addEventListener( 'message', window.wp.receiveEmbedMessage, false );\n\t\tdocument.addEventListener( 'DOMContentLoaded', onLoad, false );\n\t\twindow.addEventListener( 'load', onLoad, false );\n\t}\n})( window, document );\n\n\/\/--><!]]>\n<\/script><iframe sandbox=\"allow-scripts\" security=\"restricted\" src=\"http:\/\/demo.kevthemes.com\/lifechurches\/product\/shirt-dress-with-tie-front\/embed\/\" width=\"600\" height=\"338\" title=\"&#8220;Shirt Dress with Tie Front&#8221; &#8212; Life Churches - WordPress Theme for Churches and Events\" frameborder=\"0\" marginwidth=\"0\" marginheight=\"0\" scrolling=\"no\" class=\"wp-embedded-content\"><\/iframe>","thumbnail_url":"http:\/\/demo.kevthemes.com\/lifechurches\/ivcujesuspeople-content\/uploads\/2013\/06\/product-12.jpg","thumbnail_width":434,"thumbnail_height":555}